experiment,Estimate,StdErr,z,p,OR,OR_low,OR_high,N,p_holm,sig_holm
Confidence Judgments,-0.13229157716979487,0.04344429396521474,-3.0450852136236564,0.002326143928129465,0.8760855113006815,0.8045752112923512,0.9539516161306236,9316,0.00465228785625893,True
Emotion Labeling,-0.06494957222349462,0.05713751996224115,-1.1367236846544266,0.2556538149415575,0.9371147187975,0.8378325214750625,1.0481617431617638,7195,0.2556538149415575,False
