experiment,Estimate,StdErr,z,p,OR,OR_low,OR_high,N,p_holm,sig_holm
Confidence Judgments,-0.3150151260027566,0.044874801731814476,-7.019866692345143,2.220890138460163e-12,0.7297778355640188,0.6683334046438947,0.7968712705064835,9316,2.220890138460163e-12,True
Emotion Labeling,-1.6698073038540862,0.07231353804551911,-23.091212917877073,0.0,0.18828334361797608,0.16340242855679954,0.21695281885998427,7195,0.0,True
