experiment,Estimate,StdErr,t,p,N,p_holm,sig_holm
Confidence Judgments,-0.2666350556342831,0.031081923616378467,-8.57846055235079,1.2093661940855746e-17,6016,2.4187323881711492e-17,True
Emotion Labeling,0.03414766015888593,0.018686879417733428,1.8273602240126068,0.06769805766385878,5683,0.06769805766385878,False
